"","Tier","Food Dilution (Spheres)","Food Dilution (Fibers)","Food Dilution (Fragments)","Tissue Translocation (Spheres)","Tissue Translocation (Fibers)","Tissue Translocation (Fragments)"
"1","Tier1",0.264259339028515,0.230204282502806,0.34679823552142,69.1251981540382,8.21723921270952,91.2582023297154
"2","Tier2",2.56169301705043,1.44152059940579,3.36162947392979,310.26251205052,39.4156002693446,409.604599424657
"3","Tier3",5.01474338184466,3.17580948871134,6.58081618202969,882.444266552865,118.006095700631,1164.99163217354
"4","Tier4",34.1669404388931,15.8969868135093,44.8356916649189,4060.79880549619,539.720279798969,5361.01463588573
