"","Tier","Food Dilution (All biological org)","Food Dilution (Organism + biological org)","Tissue Translocation (All biological org)","Tissue Translocation (Organism + biological org)"
"1","Tier1",0.264259339028515,0.984193003075622,69.1251981540382,37.8249766516493
"2","Tier2",2.56169301705043,8.29166455402982,310.26251205052,219.482295545034
"3","Tier3",5.01474338184466,20.6000993051816,882.444266552865,1098.06247057104
"4","Tier4",34.1669404388931,118.241391949595,4060.79880549619,4883.75715514658
