"","Tier","Food Dilution (All Endpoints)","Food Dilution (Fitness Endpoints)","Food Dilution (Mortality)","Tissue Translocation (All Endpoints)","Tissue Translocation (Fitness Endpoints)","Tissue Translocation (Mortality)"
"1","Tier1",0.264259339028515,0.683962980272357,1877.30526892461,69.1251981540382,38.3514477718167,317.041648400944
"2","Tier2",2.56169301705043,6.87949355699863,3355.3905231173,310.26251205052,278.209073266905,1418.98184141409
"3","Tier3",5.01474338184466,20.6000993051816,31395.1785274201,882.444266552865,1098.06247057104,21242.1424615606
"4","Tier4",34.1669404388931,118.241391949595,44283.3073601873,4060.79880549619,4883.75715514658,67675.5530554003
