"","Tier","Tissue Translocation (Default)","Tissue Translocation (lower)","Tissue Translocation (upper)","Food Dilution (Default)","Food Dilution (lower)","Food Dilution (upper)"
"1","Tier1",69.1251981540382,68.3068019012468,71.14096976668,0.264259339028515,0.263543213551391,0.263515696245372
"2","Tier2",310.26251205052,314.709408126714,296.497318441182,2.56169301705043,2.62978109297006,2.62082662046918
"3","Tier3",882.444266552865,923.220604003435,765.028997626322,5.01474338184466,5.20141126259822,5.18124718466988
"4","Tier4",4060.79880549619,4281.74303118678,3457.67643135571,34.1669404388931,35.8078792154994,35.6294774440336
